{
	"info": {
		"_postman_id": "7524c02f-08b4-400e-870b-26f1b73b1075",
		"name": "Demo API",
		"schema": "https://schema.getpostman.com/json/collection/v2.1.0/collection.json",
		"_exporter_id": "26216792"
	},
	"item": [
		{
			"name": "Auth",
			"item": [
				{
					"name": "Login",
					"request": {
						"auth": {
							"type": "bearer",
							"bearer": [
								{
									"key": "token",
									"value": "{{demo_token}}",
									"type": "string"
								}
							]
						},
						"method": "POST",
						"header": [],
						"body": {
							"mode": "raw",
							"raw": "{\r\n    \"email\": \"admin@mail.com\", \r\n    \"password\": \"admin\"\r\n    // \"email\" : \"userTest@mail.com\",\r\n    // \"password\" : 1234\r\n}",
							"options": {
								"raw": {
									"language": "json"
								}
							}
						},
						"url": {
							"raw": "{{demo_url}}/auth/login",
							"host": [
								"{{demo_url}}"
							],
							"path": [
								"auth",
								"login"
							]
						}
					},
					"response": []
				},
				{
					"name": "Register",
					"request": {
						"auth": {
							"type": "bearer",
							"bearer": [
								{
									"key": "token",
									"value": "{{demo_token}}",
									"type": "string"
								}
							]
						},
						"method": "POST",
						"header": [],
						"body": {
							"mode": "raw",
							"raw": "{\r\n    \"firstName\": \"userTest\",\r\n    \"lastName\": \"0\",\r\n    \"email\": \"userTest@mail.com\",\r\n    \"password\": \"1234\"\r\n}",
							"options": {
								"raw": {
									"language": "json"
								}
							}
						},
						"url": {
							"raw": "{{demo_url}}/auth/register",
							"host": [
								"{{demo_url}}"
							],
							"path": [
								"auth",
								"register"
							]
						}
					},
					"response": []
				}
			]
		},
		{
			"name": "Vendor",
			"item": [
				{
					"name": "Vendor Seeder",
					"request": {
						"auth": {
							"type": "bearer",
							"bearer": [
								{
									"key": "token",
									"value": "{{demo_token}}",
									"type": "string"
								}
							]
						},
						"method": "POST",
						"header": [],
						"url": {
							"raw": "{{demo_url}}/seed",
							"host": [
								"{{demo_url}}"
							],
							"path": [
								"seed"
							]
						}
					},
					"response": []
				},
				{
					"name": "View All Items",
					"event": [
						{
							"listen": "test",
							"script": {
								"exec": [
									"pm.test(\"Response status code is 200\", function () {\r",
									"    pm.expect(pm.response.code).to.equal(200);\r",
									"});\r",
									"\r",
									"\r",
									"pm.test(\"Response time is within an acceptable range\", function () {\r",
									"  pm.expect(pm.response.responseTime).to.be.below(200);\r",
									"});\r",
									"\r",
									"\r",
									"pm.test(\"Content-Type header is application/json\", function () {\r",
									"    pm.expect(pm.response.headers.get(\"Content-Type\")).to.include(\"application/json\");\r",
									"});\r",
									"\r",
									"\r",
									"pm.test(\"Response has the required fields - code, info, detailDTO, and data\", function () {\r",
									"    const responseData = pm.response.json();\r",
									"    \r",
									"    pm.expect(responseData).to.be.an('object');\r",
									"    pm.expect(responseData).to.have.property('code');\r",
									"    pm.expect(responseData).to.have.property('info');\r",
									"    pm.expect(responseData).to.have.property('detailDTO');\r",
									"    pm.expect(responseData).to.have.property('data');\r",
									"});\r",
									"\r",
									"\r",
									"pm.test(\"Each item in the 'data' array has the required fields - itemId, itemName, and itemQty\", function () {\r",
									"    const responseData = pm.response.json();\r",
									"    \r",
									"    pm.expect(responseData.data).to.be.an('array');\r",
									"    responseData.data.forEach(function(item) {\r",
									"        pm.expect(item).to.have.property('itemId');\r",
									"        pm.expect(item).to.have.property('itemName');\r",
									"        pm.expect(item).to.have.property('itemQty');\r",
									"    });\r",
									"});\r",
									"pm.test(\"Response time is within an acceptable range\", function () {\r",
									"  pm.expect(pm.response.responseTime).to.be.below(200);\r",
									"});\r",
									"\r",
									"pm.test(\"Content-Type header is not empty\", function () {\r",
									"    pm.expect(pm.response.headers.get(\"Content-Type\")).to.exist.and.to.not.be.empty;\r",
									"});\r",
									"\r",
									"\r",
									"pm.test(\"Response has the required fields\", function () {\r",
									"    const responseData = pm.response.json();\r",
									"    \r",
									"    pm.expect(responseData).to.be.an('object');\r",
									"    pm.expect(responseData).to.have.property('code');\r",
									"    pm.expect(responseData).to.have.property('info');\r",
									"    pm.expect(responseData).to.have.property('detailDTO');\r",
									"    pm.expect(responseData).to.have.property('data');\r",
									"});\r",
									"\r",
									"\r",
									"pm.test(\"Each item in the 'data' array has non-negative integer values for 'itemId' and 'itemQty'\", function () {\r",
									"    const responseData = pm.response.json();\r",
									"    \r",
									"    pm.expect(responseData.data).to.be.an('array');\r",
									"    \r",
									"    responseData.data.forEach(function(item) {\r",
									"        pm.expect(item.itemId).to.be.a('number').and.to.be.at.least(0);\r",
									"        pm.expect(item.itemQty).to.be.a('number').and.to.be.at.least(0);\r",
									"    });\r",
									"});\r",
									"\r",
									"\r",
									"pm.test(\"Limit, total, and totalPage in detailDTO are non-negative integers\", function () {\r",
									"    const responseData = pm.response.json();\r",
									"\r",
									"    pm.expect(responseData.detailDTO).to.be.an('object');\r",
									"    pm.expect(responseData.detailDTO.limit).to.be.a('number').and.to.be.at.least(0);\r",
									"    pm.expect(responseData.detailDTO.total).to.be.a('number').and.to.be.at.least(0);\r",
									"    pm.expect(responseData.detailDTO.totalPage).to.be.a('number').and.to.be.at.least(0);\r",
									"});\r",
									"\r",
									"\r",
									"pm.test(\"Absence of 'error' field in the response\", function () {\r",
									"    const responseData = pm.response.json();\r",
									"    \r",
									"    pm.expect(responseData.error).to.not.exist;\r",
									"});\r",
									"\r",
									""
								],
								"type": "text/javascript",
								"packages": {}
							}
						}
					],
					"request": {
						"auth": {
							"type": "bearer",
							"bearer": [
								{
									"key": "token",
									"value": "{{demo_token}}",
									"type": "string"
								}
							]
						},
						"method": "GET",
						"header": [],
						"url": {
							"raw": "{{demo_url}}/vendor/item",
							"host": [
								"{{demo_url}}"
							],
							"path": [
								"vendor",
								"item"
							]
						}
					},
					"response": []
				},
				{
					"name": "View Item By Id",
					"event": [
						{
							"listen": "test",
							"script": {
								"exec": [
									"pm.test(\"Response status code is 200\", function () {\r",
									"    pm.response.to.have.status(200);\r",
									"});\r",
									"\r",
									"\r",
									"pm.test(\"Response time is less than 200ms\", function () {\r",
									"  pm.expect(pm.response.responseTime).to.be.below(200);\r",
									"});\r",
									"\r",
									"\r",
									"pm.test(\"Response has the required fields - itemId, itemName, and itemQty\", function () {\r",
									"    const responseData = pm.response.json();\r",
									"    \r",
									"    pm.expect(responseData).to.be.an('object');\r",
									"    pm.expect(responseData).to.have.property('data');\r",
									"    pm.expect(responseData.data).to.have.property('itemId');\r",
									"    pm.expect(responseData.data).to.have.property('itemName');\r",
									"    pm.expect(responseData.data).to.have.property('itemQty');\r",
									"});\r",
									"\r",
									"\r",
									"pm.test(\"ItemId is a non-negative integer\", function () {\r",
									"    const responseData = pm.response.json();\r",
									"    \r",
									"    pm.expect(responseData.data.itemId).to.be.a('number').and.to.be.at.least(0);\r",
									"});\r",
									"\r",
									"\r",
									"pm.test(\"Item name must be a non-empty string\", function () {\r",
									"  const responseData = pm.response.json();\r",
									"  \r",
									"  pm.expect(responseData).to.be.an('object');\r",
									"  pm.expect(responseData.data.itemName).to.be.a('string').and.to.have.lengthOf.at.least(1, \"Item name should not be empty\");\r",
									"});\r",
									"pm.test(\"Response time is less than 200ms\", function () {\r",
									"  pm.expect(pm.response.responseTime).to.be.below(200);\r",
									"});"
								],
								"type": "text/javascript",
								"packages": {}
							}
						}
					],
					"request": {
						"auth": {
							"type": "bearer",
							"bearer": [
								{
									"key": "token",
									"value": "{{demo_token}}",
									"type": "string"
								}
							]
						},
						"method": "GET",
						"header": [],
						"url": {
							"raw": "{{demo_url}}/vendor/item/1",
							"host": [
								"{{demo_url}}"
							],
							"path": [
								"vendor",
								"item",
								"1"
							]
						}
					},
					"response": []
				},
				{
					"name": "Insert Item",
					"request": {
						"auth": {
							"type": "bearer",
							"bearer": [
								{
									"key": "token",
									"value": "{{demo_token}}",
									"type": "string"
								}
							]
						},
						"method": "POST",
						"header": [],
						"body": {
							"mode": "raw",
							"raw": "{\r\n    \"itemName\": \"test2\",\r\n    \"itemQty\" : 140\r\n}",
							"options": {
								"raw": {
									"language": "json"
								}
							}
						},
						"url": {
							"raw": "{{demo_url}}/vendor/item",
							"host": [
								"{{demo_url}}"
							],
							"path": [
								"vendor",
								"item"
							]
						}
					},
					"response": []
				},
				{
					"name": "Update Item",
					"request": {
						"auth": {
							"type": "bearer",
							"bearer": [
								{
									"key": "token",
									"value": "{{demo_token}}",
									"type": "string"
								}
							]
						},
						"method": "PUT",
						"header": [],
						"body": {
							"mode": "raw",
							"raw": "{\r\n    \"itemId\" : 8,\r\n    \"itemName\": \"testing\",\r\n    \"itemQty\" : 140\r\n}",
							"options": {
								"raw": {
									"language": "json"
								}
							}
						},
						"url": {
							"raw": "{{demo_url}}/vendor/item/8",
							"host": [
								"{{demo_url}}"
							],
							"path": [
								"vendor",
								"item",
								"8"
							]
						}
					},
					"response": []
				},
				{
					"name": "Delete Item",
					"request": {
						"auth": {
							"type": "bearer",
							"bearer": [
								{
									"key": "token",
									"value": "{{demo_token}}",
									"type": "string"
								}
							]
						},
						"method": "DELETE",
						"header": [],
						"body": {
							"mode": "raw",
							"raw": "",
							"options": {
								"raw": {
									"language": "json"
								}
							}
						},
						"url": {
							"raw": "{{demo_url}}/vendor/item/8",
							"host": [
								"{{demo_url}}"
							],
							"path": [
								"vendor",
								"item",
								"8"
							]
						}
					},
					"response": []
				}
			]
		}
	]
}